#
# $Id: palabrasFuncion.txt,v 1.4 2008/12/01 15:57:32 campillo Exp $
# $Name:  $
#pro tribunali,NAS,NAS,LAT
#ítem,NAS,NAS,@LAT
a,F,S,PREP,@ART_DET
ab,NAS,NAS,PREP
abajo,NAS,NAS,ADVE_LUG, @homografaverbo
abarrisco,NAS,NAS,ADVE_MODO
abastanza,NAS,NAS,ADVE_CANT
abasto,NAS,NAS,ADVE_MODO, @homografaverbo
abierto,NAS,NAS,ADVE_MODO, @homografaverbo
abondo,NAS,NAS,ADVE_MODO
abundo,NAS,NAS,ADVE_MODO, @homografaverbo
abés,NAS,NAS,ADVE_MODO
acaso,NAS,NAS,ADVE_DUBI,ADVE_MODO
acerca,NAS,NAS,ADVE_LUG,ADVE_TEMP, @homografaverbo
acullá,NAS,NAS,ADVE_LUG
acá,NAS,NAS,ADVE_LUG,ADVE_TEMP
ad, NAS,NAS,@LAT,PREP
adagio,NAS,NAS,ADVE_MODO
adefuera,NAS,NAS,ADVE_LUG
adelante,NAS,NAS,ADVE_LUG,ADVE_TEMP, @homografaverbo
además,NAS,NAS,ADVE_CANT
adentro,NAS,NAS,ADVE_LUG
aderredor,NAS,NAS,ADVE_LUG
adieso,NAS,NAS,ADVE_TEMP
adonde,NAS,NAS,ADVE_LUG,RELA
adondequiera,NAS,NAS,ADVE_LUG
adoquier,NAS,NAS,ADVE_LUG
adoquiera,NAS,NAS,ADVE_LUG
adredañas,NAS,NAS,ADVE_MODO
adrede,NAS,NAS,ADVE_MODO
adunia,NAS,NAS,ADVE_MODO
adur,NAS,NAS,ADVE_MODO
aduro,NAS,NAS,ADVE_MODO, @homografaverbo
adó,NAS,NAS,ADVE_LUG
adónde,NAS,NAS,INTER
afuera,NAS,NAS,ADVE_LUG
agora,NAS,NAS,ADVE_TEMP,@CONX_COOR_DISTRIB,CONX_COOR_DISX
aguisado,NAS,NAS,ADVE_MODO
ahora,NAS,NAS,ADVE_TEMP,CONX_COOR_ADVERS,@CONX_COOR_DISTRIB,CONX_COOR_DISX
ahorita,NAS,NAS,ADVE_TEMP
ahoritita,NAS,NAS,ADVE_TEMP
ahotas,NAS,NAS,ADVE_MODO
ahí,NAS,NAS,ADVE_LUG
ahína,NAS,NAS,ADVE_MODO
aindamáis,NAS,NAS,ADVE_CANT
ajorro,NAS,NAS,ADVE_MODO, @homografaverbo
al,M,S,CONTR_PREP_ART_DET
alderredor,NAS,NAS,ADVE_LUG
alegreto,NAS,NAS,ADVE_MODO
alegro,NAS,NAS,ADVE_MODO, @homografaverbo
alerta,NAS,NAS,ADVE_MODO, @homografaverbo
algo,NAS,NAS,ADVE_CANT,INDEF
algotra,F,S,INDEF,INDEF_PRON,algotro
algotras,F,P,INDEF,INDEF_PRON,algotro
algotro,M,S,INDEF,INDEF_PRON
algotros,M,P,INDEF,INDEF_PRON,algotro
alguandre,NAS,NAS,ADVE_TEMP
alguanta,F,S,INDEF_PRON,alguanto
alguantas,F,P,INDEF_PRON,alguanto
alguanto,M,S,INDEF_PRON
alguantos,M,P,INDEF_PRON,alguanto
alguien,M,S,INDEF,INDEF_PRON
alguna,F,S,INDEF,INDEF_PRON,alguno
algunas,F,P,INDEF,INDEF_PRON,alguno
alguno,M,S,INDEF,INDEF_PRON
algunos,M,P,INDEF,INDEF_PRON,alguno
algún,M,S,INDEF,INDEF_PRON
aliende,NAS,NAS,ADVE_CANT,ADVE_LUG
allende,NAS,NAS,ADVE_CANT,ADVE_LUG
allent,NAS,NAS,ADVE_LUG
allora,NAS,NAS,ADVE_TEMP
allá,NAS,NAS,ADVE_LUG,ADVE_TEMP
allén,NAS,NAS,ADVE_LUG
allí,NAS,NAS,ADVE_LUG,ADVE_TEMP
allú,NAS,NAS,ADVE_LUG
alora,NAS,NAS,ADVE_TEMP
alrededor,NAS,NAS,ADVE_LUG
alto,NAS,NAS,ADVE_LUG,ADVE_MODO
alueñe,NAS,NAS,ADVE_LUG
aluén,NAS,NAS,ADVE_LUG
alén,NAS,NAS,ADVE_LUG
ambas,F,P,INDEF,ambos
ambidos,NAS,NAS,ADVE_MODO
ambos,M,P,INDEF
amidos,NAS,NAS,ADVE_MODO
andante,NAS,NAS,ADVE_MODO
andantino,NAS,NAS,ADVE_MODO
anoche,NAS,NAS,ADVE_TEMP
ansimesmo,NAS,NAS,ADVE_MODO
ansimismo,NAS,NAS,ADVE_MODO
ansina,NAS,NAS,ADVE_MODO
ansí,NAS,NAS,ADVE_MODO
antañazo,NAS,NAS,ADVE_TEMP
antaño,NAS,NAS,ADVE_TEMP
ante,NAS,NAS,ADVE_TEMP,PREP
anteanoche,NAS,NAS,ADVE_TEMP
anteanteanoche,NAS,NAS,ADVE_TEMP
anteanteayer,NAS,NAS,ADVE_TEMP
anteantenoche,NAS,NAS,ADVE_TEMP
anteantier,NAS,NAS,ADVE_TEMP
anteayer,NAS,NAS,ADVE_TEMP
antedía,NAS,NAS,ADVE_TEMP
antemano,NAS,NAS,ADVE_TEMP
antenoche,NAS,NAS,ADVE_TEMP
antes,NAS,NAS,ADVE_LUG,@ADVE_ORD,ADVE_TEMP,@CONX_COOR_ADVERS
antier,NAS,NAS,ADVE_TEMP
aparte,NAS,NAS,ADVE_LUG,ADVE_MODO, @homografaverbo
apena,NAS,NAS,ADVE_MODO, @homografaverbo
apenas,NAS,NAS,ADVE_CANT,ADVE_NEGA,CONX_SUBOR_TEMP, @homografaverbo
aposta,NAS,NAS,ADVE_MODO, @homografaverbo
apostre,NAS,NAS,ADVE_LUG,ADVE_TEMP
apriesa,NAS,NAS,ADVE_MODO
aprisa,NAS,NAS,ADVE_MODO
aprés,NAS,NAS,ADVE_LUG,ADVE_TEMP
apuesto,NAS,NAS,ADVE_MODO, @homografaverbo
após,NAS,NAS,ADVE_TEMP
aquel,M,S,DEMO,DEMO_PRON
aquela,F,S,DEMO,DEMO_PRON,aquel
aquelas,F,P,DEMO,DEMO_PRON,aquel
aquele,M,S,DEMO,DEMO_PRON
aquella,F,S,DEMO,DEMO_PRON,aquel
aquellas,F,P,DEMO,DEMO_PRON,aquel
aquello,M,S,DEMO,DEMO_PRON,aquel
aquellos,M,P,DEMO,DEMO_PRON,aquel
aquelo,M,S,DEMO,DEMO_PRON
aquelos,M,P,DEMO,DEMO_PRON,aquelo
aquende,NAS,NAS,ADVE_LUG
aquesa,F,S,DEMO,DEMO_PRON,aqueso
aquesas,F,P,DEMO,DEMO_PRON,aqueso
aquese,M,S,DEMO,DEMO_PRON,aqueso
aqueso,M,S,DEMO,DEMO_PRON
aquesos,M,P,DEMO,DEMO_PRON,aqueso
aquesta,F,S,DEMO,DEMO_PRON,aquesto
aquestas,F,P,DEMO,DEMO_PRON,aquesto
aqueste,M,S,DEMO,DEMO_PRON,aquesto
aquesto,M,S,DEMO,DEMO_PRON
aquestos,M,P,DEMO,DEMO_PRON,aquesto
aquél,M,S,DEMO_PRON
aquélla,F,S,DEMO_PRON,aquel
aquéllas,F,P,DEMO_PRON,aquel
aquéllos,M,P,DEMO_PRON,aquel
aquén,NAS,NAS,ADVE_LUG
aquí,NAS,NAS,ADVE_LUG,ADVE_TEMP
arredo,NAS,NAS,ADVE_LUG
arredor,NAS,NAS,ADVE_LUG
arredro,NAS,NAS,ADVE_LUG, @homografaverbo
arreo,NAS,NAS,ADVE_TEMP, @homografaverbo
arriba,NAS,NAS,ADVE_LUG, @homografaverbo
arribita,NAS,NAS,ADVE_LUG
arribota,NAS,NAS,ADVE_LUG
arriedro,NAS,NAS,ADVE_LUG
asaz,NAS,NAS,ADVE_CANT
asimesmo,NAS,NAS,ADVE_MODO
asimismo,NAS,NAS,ADVE_MODO
asina,NAS,NAS,ADVE_MODO
asinita,NAS,NAS,ADVE_MODO
asohora,NAS,NAS,ADVE_TEMP
asuso,NAS,NAS,ADVE_LUG
así,NAS,NAS,&CONX_SUBOR_CONSE,ADVE_CANT,ADVE_MODO,&CONX_SUBOR_COMPAR,&CONX_SUBOR_CONCES
asín,NAS,NAS,ADVE_MODO
atrás,NAS,NAS,ADVE_LUG
atán,NAS,NAS,ADVE_CANT
aun,NAS,NAS,ADVE_MODO,ADVE_TEMP
aunque,NAS,NAS,CONX_COOR_ADVERS,CONX_SUBOR_CONCES
aután,NAS,NAS,ADVE_MODO
avante,NAS,NAS,ADVE_LUG,ADVE_TEMP
aviesas,NAS,NAS,ADVE_MODO
avés,NAS,NAS,ADVE_MODO
ayer,NAS,NAS,ADVE_TEMP
ayuso,NAS,NAS,ADVE_LUG
aína,NAS,NAS,ADVE_CANT,ADVE_MODO,ADVE_TEMP
aínas,NAS,NAS,ADVE_MODO,ADVE_TEMP
bajamano,NAS,NAS,ADVE_MODO
bajo,NAS,NAS,ADVE_LUG,PREP,ADVE_MODO, @homografaverbo
barato,NAS,NAS,ADVE_MODO
bastante,NAS,NAS,ADVE_CANT
ben,NAS,NAS,ADVE_MODO
bien,NAS,NAS,ADVE_MODO,@CONX_COOR_DISTRIB,CONX_COOR_DISX
billones,A,P,&NOME,NUME_CARDI_DET,NUME_CARDI_PRON,billón
billonésima,F,S,NUME_ORDI_DET,NUME_ORDI_PRON,billonésimo
billonésimas,F,P,NUME_ORDI_DET,NUME_ORDI_PRON,billonésimo
billonésimo,M,S,NUME_ORDI_DET,NUME_ORDI_PRON
billonésimos,M,P,NUME_ORDI_DET,NUME_ORDI_PRON,billonésimo
billón,A,A,&NOME,NUME_CARDI_DET,NUME_CARDI_PRON
bis,NAS,NAS,ADVE_CANT,@LAT
blando,NAS,NAS,ADVE_MODO, @homografaverbo
bocabajo,NAS,NAS,ADVE_MODO
breve,NAS,NAS,ADVE_TEMP
bustrofedon,NAS,NAS,ADVE_MODO
bustrófedon,NAS,NAS,ADVE_MODO
ca,NAS,NAS,CONX_SUBOR_CAUS
cabadelante,NAS,NAS,ADVE_MODO
cabal,NAS,NAS,ADVE_MODO
cabe,NAS,NAS,PREP, @homografaverbo
cada,A,A,INDEF_DET
cadaldía,NAS,NAS,ADVE_TEMP
caladelante,NAS,NAS,ADVE_LUG,ADVE_TEMP
callandico,NAS,NAS,ADVE_MODO
callandito,NAS,NAS,ADVE_MODO
callando,NAS,NAS,ADVE_MODO, @homografaverbo
car,NAS,NAS,CONX_SUBOR_CAUS
caradelante,NAS,NAS,ADVE_LUG,ADVE_TEMP
caro,NAS,NAS,ADVE_MODO
casi,NAS,NAS,ADVE_CANT
catorce,A,A,&NOME,NUME_CARDI_DET,NUME_CARDI_PRON
cedo,NAS,NAS,ADVE_TEMP, @homografaverbo
centésima,F,S,NUME_ORDI_DET,NUME_ORDI_PRON,centésimo
centésimas,F,P,NUME_ORDI_DET,NUME_ORDI_PRON,centésimo
centésimo,M,S,NUME_ORDI_DET,NUME_ORDI_PRON
centésimos,M,P,NUME_ORDI_DET,NUME_ORDI_PRON,centésimo
cerca,NAS,NAS,ADVE_LUG,ADVE_TEMP, @homografaverbo
cercen,NAS,NAS,ADVE_MODO
cercén,NAS,NAS,ADVE_MODO
cerquita,NAS,NAS,ADVE_LUG,ADVE_TEMP
chiticallando,NAS,NAS,ADVE_MODO
cien,A,A,&NOME,NUME_CARDI_DET,NUME_CARDI_PRON
cienes,A,P,&NOME,NUME_CARDI_DET,NUME_CARDI_PRON,cien
cierto,NAS,NAS,ADVE_AFIRM
cinco,A,A,&NOME,NUME_CARDI_DET,NUME_CARDI_PRON
cincuenta,A,A,&NOME,NUME_CARDI_DET,NUME_CARDI_PRON
circumcirca,NAS,NAS,@LAT
citra,NAS,NAS,ADVE_LUG
claro,NAS,NAS,ADVE_MODO
comigo,NAS,S,PRON_PERS_TON,yo
como,NAS,NAS,CONX_SUBOR_CAUS,EXCLA,PREP,ADVE_MODO, @homografaverbo
comoquiera,NAS,NAS,ADVE_MODO
con,NAS,NAS,CONX_SUBOR_CONDI,PREP
condecabo,NAS,NAS,ADVE_MODO
conforme,NAS,NAS,ADVE_MODO, @homografaverbo
conmigo,NAS,S,PRON_PERS_TON,yo
connosco,NAS,P,PRON_PERS_TON,nosotros
connusco,NAS,P,PRON_PERS_TON,nosotros
conque,NAS,NAS,CONX_SUBOR_CONSE
consigo,NAS,S,PRON_PERS_TON, él, @homografaverbo,
contigo,NAS,S,PRON_PERS_TON, tú
contino,NAS,NAS,ADVE_MODO
continuo,NAS,NAS,ADVE_MODO
contra,NAS,NAS,PREP
conusco,NAS,P,PRON_PERS_TON,nosotros
convenido,NAS,NAS,ADVE_MODO, @homografaverbo
convusco,NAS,P,PRON_PERS_TON,vosotros
corriente,NAS,NAS,ADVE_MODO
cras,NAS,NAS,ADVE_TEMP
cual,NAS,NAS,ADVE_MODO,EXCLA,RELA
cuales,NAS,P,RELA,cual
cualesquier,A,S,INDEF_PRON,cualesquiera
cualesquiera,A,S,INDEF_PRON
cualque,NAS,S,INDEF_PRON
cualquier,A,S,INDEF_PRON,cualquiera
cualquiera,A,S,INDEF_PRON
cuan,NAS,NAS,ADVE_CANT,EXCLA
cuando,NAS,NAS,ADVE_TEMP,CONX_COOR_ADVERS,@CONX_SUBOR_CONTI,CONX_SUBOR_TEMP
cuanta,F,S,RELA,cuanto
cuantas,F,P,RELA,cuanto
cuantimás,NAS,NAS,ADVE_MODO
cuanto,M,S,ADVE_CANT,RELA
cuantos,M,P,RELA,cuanto
cuarenta,A,A,&NOME,NUME_CARDI_DET,NUME_CARDI_PRON
cuarta,F,S,NUME_ORDI_DET,NUME_ORDI_PRON,cuarto
cuartas,F,P,NUME_ORDI_DET,NUME_ORDI_PRON,cuarto
cuarto,M,S,NUME_ORDI_DET,NUME_ORDI_PRON
cuartos,M,P,NUME_ORDI_DET,NUME_ORDI_PRON,cuarto
cuasi,NAS,NAS,ADVE_CANT
cuatrigésima,F,S,NUME_ORDI_DET,NUME_ORDI_PRON,cuatrigésimo
cuatrigésimas,F,P,NUME_ORDI_DET,NUME_ORDI_PRON,cuatrigésimo
cuatrigésimo,M,S,NUME_ORDI_DET,NUME_ORDI_PRON
cuatrigésimos,M,P,NUME_ORDI_DET,NUME_ORDI_PRON,cuatrigésimo
cuatro,A,A,&NOME,NUME_CARDI_DET,NUME_CARDI_PRON
cuemo,NAS,NAS,ADVE_MODO
culto,NAS,NAS,ADVE_MODO
cuomo,NAS,NAS,ADVE_MODO
cutiana,NAS,NAS,ADVE_TEMP
cutiano,NAS,NAS,ADVE_TEMP
cutio,NAS,NAS,ADVE_TEMP
cuya,F,S,POSE_PRON,RELA,cuyo
cuyas,F,P,POSE_PRON,RELA,cuyo
cuyo,M,S,POSE_PRON,RELA
cuyos,M,P,POSE_PRON,RELA,cuyo
cuál,NAS,S,INTER,EXCLA,cuál
cuáles,NAS,P,INTER,EXCLA,cuál
cuánta,F,S,INTER,EXCLA,cuánto
cuántas,F,P,INTER,EXCLA,cuánto
cuánto,M,S,EXCLA,INTER
cuántos,M,P,INTER,EXCLA,cuánto
cércene,NAS,NAS,ADVE_MODO
cómo,NAS,NAS,INTER
cúya,F,S,INTER,EXCLA,cúyo
cúyas,F,P,INTER,EXCLA,cúyo
cúyo,M,S,INTER,EXCLA
cúyos,M,P,INTER,EXCLA,cúyo
dacá,NAS,NAS,ADVE_LUG
dalind,NAS,NAS,ADVE_LUG
dallá,NAS,NAS,ADVE_LUG
dallén,NAS,NAS,ADVE_LUG
daquén,NAS,NAS,ADVE_LUG
daquí,NAS,NAS,ADVE_LUG
de,NAS,NAS,PREP
debajo,NAS,NAS,ADVE_LUG
decrescendo,NAS,NAS,ADVE_MODO
defuera,NAS,NAS,ADVE_LUG
defácile,NAS,NAS,ADVE_MODO
del,M,S,CONTR_PREP_ART_DET
delant,NAS,NAS,ADVE_LUG
delante,NAS,NAS,ADVE_LUG
demasiado,NAS,NAS,ADVE_CANT
demientra,NAS,NAS,ADVE_TEMP
demientre,NAS,NAS,ADVE_TEMP
demientres,NAS,NAS,ADVE_TEMP
demás,NAS,NAS,ADVE_CANT
denante,NAS,NAS,ADVE_TEMP
denantes,NAS,NAS,ADVE_TEMP
dende,NAS,NAS,ADVE_LUG,ADVE_TEMP
densuno,NAS,NAS,ADVE_MODO
dentorno,NAS,NAS,ADVE_MODO
dentro,NAS,NAS,ADVE_LUG
deprisa,NAS,NAS,ADVE_MODO
depós,NAS,NAS,ADVE_TEMP
deque,NAS,NAS,ADVE_TEMP
derechito,NAS,NAS,ADVE_MODO
derecho,NAS,NAS,ADVE_MODO
des,NAS,NAS,PREP, @homografaverbo
desapuesto,NAS,NAS,ADVE_MODO
desconforme,NAS,NAS,ADVE_MODO, @homografaverbo
desde,NAS,NAS,PREP
desdende,NAS,NAS,ADVE_LUG,ADVE_TEMP
desend,NAS,NAS,ADVE_LUG,ADVE_TEMP
desende,NAS,NAS,ADVE_LUG,ADVE_TEMP
despacio,NAS,NAS,ADVE_MODO,ADVE_TEMP
despacito,NAS,NAS,ADVE_MODO
despuesito,NAS,NAS,ADVE_TEMP
después,NAS,NAS,ADVE_LUG,ADVE_TEMP,@CONX_COOR_ADVERS
desuno,NAS,NAS,ADVE_MODO, @homografaverbo
detrás,NAS,NAS,ADVE_LUG
devant,NAS,NAS,ADVE_TEMP
deván,NAS,NAS,ADVE_TEMP
dextrórsum,NAS,NAS,ADVE_LUG
diecinueve,A,A,&NOME,NUME_CARDI_DET,NUME_CARDI_PRON
dieciocho,A,A,&NOME,NUME_CARDI_DET,NUME_CARDI_PRON
diecisiete,A,A,&NOME,NUME_CARDI_DET,NUME_CARDI_PRON
dieciséis,A,A,&NOME,NUME_CARDI_DET,NUME_CARDI_PRON
diez,A,A,&NOME,NUME_CARDI_DET,NUME_CARDI_PRON
diferente,NAS,NAS,ADVE_MODO
directe,NAS,NAS,@LAT,ADVE_MODO
disparado,NAS,NAS,ADVE_MODO, @homografaverbo
do,NAS,NAS,ADVE_LUG
doble,NAS,NAS,ADVE_MODO, @homografaverbo
doce,A,A,&NOME,NUME_CARDI_DET,NUME_CARDI_PRON
doncas,NAS,NAS,ADVE_MODO
dond,NAS,NAS,ADVE_LUG
donde,NAS,NAS,ADVE_LUG,RELA
dondequiera,NAS,NAS,ADVE_LUG
doquier,NAS,NAS,ADVE_LUG
doquiera,NAS,NAS,ADVE_LUG
doquiere,NAS,NAS,ADVE_LUG
dos,A,A,&NOME,NUME_CARDI_DET,NUME_CARDI_PRON
doy,NAS,NAS,ADVE_TEMP, @homografaverbo
dulce,NAS,NAS,ADVE_MODO
duodécima,F,S,NUME_ORDI_DET,NUME_ORDI_PRON,duodécimo
duodécimas,F,P,NUME_ORDI_DET,NUME_ORDI_PRON,duodécimo
duodécimo,M,S,NUME_ORDI_DET,NUME_ORDI_PRON
duodécimos,M,P,NUME_ORDI_DET,NUME_ORDI_PRON,duodécimo
durante,NAS,NAS,PREP
duro,NAS,NAS,ADVE_MODO
décima,F,S,NUME_ORDI_DET,NUME_ORDI_PRON,décimo
décimas,F,P,NUME_ORDI_DET,NUME_ORDI_PRON,décimo
décimo,M,S,NUME_ORDI_DET,NUME_ORDI_PRON
décimos,M,P,NUME_ORDI_DET,NUME_ORDI_PRON,décimo
dí,NAS,NAS,ADVE_LUG
dónde,NAS,NAS,INTER
e,NAS,NAS,CONX_COOR_COPU
el,M,S,ART_DET
ella,F,S,PRON_PERS_TON,él
ellas,F,P,PRON_PERS_TON,él
ello,M,S,PRON_PERS_TON
ellos,M,P,PRON_PERS_TON,él
embajo,NAS,NAS,ADVE_LUG
empero,NAS,NAS,CONX_COOR_ADVERS
empós,NAS,NAS,ADVE_LUG,ADVE_TEMP
en,NAS,NAS,PREP
enante,NAS,NAS,ADVE_TEMP
enantes,NAS,NAS,ADVE_TEMP,enante
encima,NAS,NAS,ADVE_CANT,ADVE_LUG
encontinente,NAS,NAS,ADVE_TEMP
ende,NAS,NAS,ADVE_LUG
endemás,NAS,NAS,ADVE_MODO
endenantes,NAS,NAS,ADVE_TEMP
endespués,NAS,NAS,ADVE_TEMP
enfrente,NAS,NAS,ADVE_LUG,ADVE_MODO
enhorabuena,NAS,NAS,ADVE_MODO
enhoramala,NAS,NAS,ADVE_MODO
enseguida,NAS,NAS,ADVE_MODO
ensembla,NAS,NAS,ADVE_MODO
ensemble,NAS,NAS,ADVE_MODO
entonce,NAS,NAS,ADVE_TEMP
entonces,NAS,NAS,ADVE_MODO,ADVE_TEMP
entre,NAS,NAS,PREP, @homografaverbo
entremedias,NAS,NAS,ADVE_LUG,ADVE_TEMP, @homografaverbo
entremiente,NAS,NAS,ADVE_TEMP
entretanto,NAS,NAS,ADVE_TEMP
ergo,NAS,NAS,CONX_SUBOR_CONSE
esa,F,S,DEMO,DEMO_PRON,ese
esas,F,P,DEMO,DEMO_PRON,ese
escapado,NAS,NAS,ADVE_MODO, @homografaverbo
ese,M,S,DEMO,DEMO_PRON
eso,M,S,DEMO_PRON
esos,M,P,DEMO,DEMO_PRON,ese
esta,F,S,DEMO,DEMO_PRON,este
estas,F,P,DEMO,DEMO_PRON,este
este,M,S,DEMO,DEMO_PRON
esto,N,S,DEMO_PRON,este
estonce,NAS,NAS,ADVE_TEMP
estonces,NAS,NAS,ADVE_TEMP
estos,M,P,DEMO,DEMO_PRON,este
ex,NAS,NAS,PREP,@LAT
excepto,NAS,NAS,PREP,ADVE_MODO
extramuros,NAS,NAS,ADVE_LUG
facia,NAS,NAS,PREP
facto,NAS,NAS,@LAT
fasta,NAS,NAS,PREP
fata,NAS,NAS,PREP
foras,NAS,NAS,ADVE_LUG
frente,NAS,NAS,ADVE_LUG
fuera,NAS,NAS,ADVE_LUG, @homografaverbo
fueras,NAS,NAS,ADVE_LUG, @homografaverbo
hacia,NAS,NAS,PREP
harto,NAS,NAS,ADVE_CANT, @homografaverbo
hasta,NAS,NAS,CONX_COOR_COPU,PREP
hexagésima,F,S,NUME_ORDI_DET,NUME_ORDI_PRON,hexagésimo
hexagésimas,F,P,NUME_ORDI_DET,NUME_ORDI_PRON,hexagésimo
hexagésimo,M,S,NUME_ORDI_DET,NUME_ORDI_PRON
hexagésimos,M,P,NUME_ORDI_DET,NUME_ORDI_PRON,hexagésimo
hier,NAS,NAS,ADVE_TEMP
hogañazo,NAS,NAS,ADVE_TEMP
hogaño,NAS,NAS,ADVE_TEMP
hora,NAS,NAS,ADVE_TEMP
hoy,NAS,NAS,ADVE_TEMP
hu,NAS,NAS,ADVE_LUG
hí,NAS,NAS,ADVE_LUG
ibídem,NAS,NAS,@LAT
igual,NAS,NAS,ADVE_DUBI
in,NAS,NAS,PREP
incluso,M,S,PREP,ADVE_MOD0,ADXECTIVO
incontinente,NAS,NAS,ADVE_TEMP
incontinenti,NAS,NAS,ADVE_TEMP
indirecte,NAS,NAS,@LAT
intramuros,NAS,NAS,ADVE_LUG
jamás,NAS,NAS,ADVE_TEMP
la,F,S,ART_DET,PRON_PERS_AT,el,@chungo...
las,F,P,ART_DET,PRON_PERS_AT,el,@chungo...
le,A,S,PRON_PERS_AT_DAT,le
lejitos,NAS,NAS,ADVE_LUG,ADVE_TEMP
lejos,NAS,NAS,ADVE_LUG,ADVE_TEMP
lejuelos,NAS,NAS,ADVE_LUG,ADVE_TEMP
lejísimos,NAS,NAS,ADVE_LUG,ADVE_TEMP
les,A,P,PRON_PERS_AT_DAT,le
lo,M,S,PRON_PERS_AT,lo
los,M,P,ART_DET,PRON_PERS_AT,lo
luego,NAS,NAS,ADVE_TEMP,CONX_SUBOR_CONSE
lueñe,NAS,NAS,ADVE_LUG,ADVE_TEMP
maes,NAS,NAS,ADVE_CANT,CONX_COOR_ADVERS
maguer,NAS,NAS,CONX_SUBOR_CONCES
mangue,M,S,INDEF_PRON, @homografaverbo
mangues,M,S,INDEF_PRON,mangue, @homografaverbo
manteniente,NAS,NAS,ADVE_TEMP
mantiniente,NAS,NAS,ADVE_TEMP
marras,NAS,NAS,ADVE_TEMP, @homografaverbo
mas,NAS,NAS,CONX_COOR_ADVERS
mañana,NAS,NAS,ADVE_TEMP
me,AMBIGUO,S,PRON_PERS_AT
mediante,NAS,NAS,PREP
mejor,NAS,NAS,ADXECTIVO,ADVE_CANT
mela,F,S,CONTR_PRON_PERS_AT
melas,F,P,CONTR_PRON_PERS_AT
mele,AMBIGUO,S,CONTR_PRON_PERS_AT
meles,AMBIGUO,P,CONTR_PRON_PERS_AT
melo,M,S,CONTR_PRON_PERS_AT
melos,M,P,CONTR_PRON_PERS_AT
menda,M,S,INDEF_PRON
mendas,M,S,INDEF_PRON,menda
menos,NAS,NAS,ADVE_CANT
mi,NAS,S,POSE
mientra,NAS,NAS,ADVE_TEMP
mientras,NAS,NAS,ADVE_TEMP,CONX_SUBOR_TEMP
mientre,NAS,NAS,ADVE_TEMP
mil,A,A,&NOME,NUME_CARDI_DET,NUME_CARDI_PRON
miles,A,P,&NOME,NUME_CARDI_DET,NUME_CARDI_PRON,mil
#millones,M,P,NUME_CARDI_DET,NUME_CARDI_PRON,millón
millonésima,F,S,NUME_ORDI_DET,NUME_ORDI_PRON,millonésimo
millonésimas,F,P,NUME_ORDI_DET,NUME_ORDI_PRON,millonésimo
millonésimo,M,S,NUME_ORDI_DET,NUME_ORDI_PRON
millonésimos,M,P,NUME_ORDI_DET,NUME_ORDI_PRON,millonésimo
#millón,M,S,NUME_CARDI_DET,NUME_CARDI_PRON
milésima,F,S,NUME_ORDI_DET,NUME_ORDI_PRON,milésimo
milésimas,F,P,NUME_ORDI_DET,NUME_ORDI_PRON,milésimo
milésimo,M,S,NUME_ORDI_DET,NUME_ORDI_PRON
milésimos,M,P,NUME_ORDI_DET,NUME_ORDI_PRON,milésimo
misma,F,S,INDEF,mismo
mismas,F,P,INDEF,mismo
mismo,M,S,INDEF
mismos,M,P,INDEF,mismo
mucha,F,S,INDEF_DET,INDEF_PRON,mucho
muchas,F,P,INDEF_DET,INDEF_PRON,mucho
mucho,M,S,INDEF_DET,INDEF_PRON,ADVE_CANT,mucho
muchos,M,P,INDEF_DET,INDEF_PRON,mucho
muy,NAS,NAS,ADVE_CANT
más,NAS,NAS,ADVE_CANT
mí,NAS,S,PRON_PERS_TON,yo
mía,F,S,POSE_PRON,mío, @homografaverbo
mías,F,P,POSE_PRON, mío, @homografaverbo
mío,M,S,POSE_PRON, @homografaverbo
míos,M,P,POSE_PRON,mío
nada,M,S,INDEF,INDEF_PRON,ADVE_NEGA, @homografaverbo
nadi,M,S,INDEF,INDEF_PRON
nadie,M,S,INDEF,INDEF_PRON
nadilla,M,S,INDEF,INDEF_PRON
nadita,M,S,INDEF,INDEF_PRON
nata,M,S,INDEF_PRON
nequáquam,NAS,NAS,ADVE_NEGA
ni,NAS,NAS,CONX_COOR_COPU,CONX_COOR_DISX
ninguna,F,S,INDEF,INDEF_PRON,ninguno
ningunas,F,P,INDEF,INDEF_PRON,ninguno
ninguno,M,S,INDEF,INDEF_PRON
ningunos,M,P,INDEF,INDEF_PRON,ninguno
ningún,M,S,INDEF,ninguno
no,NAS,NAS,ADVE_NEGA
nominátim,NAS,NAS,@LAT
nonada,M,S,INDEF,INDEF_PRON
nonagésima,F,S,NUME_ORDI_DET,NUME_ORDI_PRON,nonagésimo
nonagésimas,F,P,NUME_ORDI_DET,NUME_ORDI_PRON,nonagésimo
nonagésimo,M,S,NUME_ORDI_DET,NUME_ORDI_PRON
nonagésimos,M,P,NUME_ORDI_DET,NUME_ORDI_PRON,nonagésimo
nos,NAS,P,PRON_PERS_AT
nosla,F,S,CONTR_PRON_PERS_AT
noslas,F,P,CONTR_PRON_PERS_AT
nosle,A,S,CONTR_PRON_PERS_AT
nosles,A,P,CONTR_PRON_PERS_AT
noslo,M,S,CONTR_PRON_PERS_AT
noslos,M,P,CONTR_PRON_PERS_AT
nosotras,F,P,PRON_PERS_TON,yo
nosotros,M,P,PRON_PERS_TON,yo
novena,F,S,NUME_ORDI_DET,NUME_ORDI_PRON,noveno
novenas,F,P,NUME_ORDI_DET,NUME_ORDI_PRON,noveno
noveno,M,S,NUME_ORDI_DET,NUME_ORDI_PRON
novenos,M,P,NUME_ORDI_DET,NUME_ORDI_PRON,noveno
noventa,A,A,&NOME,NUME_CARDI_DET,NUME_CARDI_PRON
nuestra,F,S,POSE,nuestro
nuestras,F,P,POSE,nuestro
nuestro,M,S,POSE
nuestros,M,P,POSE,nuestro
nueve,A,A,&NOME,NUME_CARDI_DET,NUME_CARDI_PRON
nunca,NAS,NAS,ADVE_TEMP
o,NAS,NAS,&ADVE_LUG,CONX_COOR_DISX
ochenta,A,A,&NOME,NUME_CARDI_DET,NUME_CARDI_PRON
ocho,A,A,&NOME,NUME_CARDI_DET,NUME_CARDI_PRON
octava,F,S,NUME_ORDI_DET,NUME_ORDI_PRON,octavo
octavas,F,P,NUME_ORDI_DET,NUME_ORDI_PRON,octavo
octavo,M,S,NUME_ORDI_DET,NUME_ORDI_PRON
octavos,M,P,NUME_ORDI_DET,NUME_ORDI_PRON,octavo
octogésima,F,S,NUME_ORDI_DET,NUME_ORDI_PRON,octogésimo
octogésimas,F,P,NUME_ORDI_DET,NUME_ORDI_PRON,octogésimo
octogésimo,M,S,NUME_ORDI_DET,NUME_ORDI_PRON
octogésimos,M,P,NUME_ORDI_DET,NUME_ORDI_PRON,octogésimo
ogaño,NAS,NAS,ADVE_TEMP
once,A,A,&NOME,NUME_CARDI_DET,NUME_CARDI_PRON
onde,NAS,NAS,ADVE_LUG,CONX_SUBOR_CAUS
ora,NAS,NAS,@CONX_COOR_DISTRIB,CONX_COOR_DISX, @homografaverbo
os,NAS,P,PRON_PERS_AT
osla,F,S,CONTR_PRON_PERS_AT
oslas,F,P,CONTR_PRON_PERS_AT
osle,AMBIGUO,S,CONTR_PRON_PERS_AT
osles,AMBIGUO,P,CONTR_PRON_PERS_AT
oslo,M,S,CONTR_PRON_PERS_AT
oslos,M,P,CONTR_PRON_PERS_AT
otra,F,S,INDEF_DET,INDEF_PRON,otro
otras,F,P,INDEF_DET,INDEF_PRON,otro
otraño,NAS,NAS,ADVE_TEMP
otro,M,S,INDEF_DET,INDEF_PRON
otrora,NAS,NAS,ADVE_TEMP
otros,M,P,INDEF_DET,INDEF_PRON,otro
otrosí,NAS,NAS,ADVE_CANT
para,NAS,NAS,PREP, @homografaverbo
peor,NAS,NAS,ADVE_CANT
pero,NAS,NAS,CONX_COOR_ADVERS
poco,NAS,NAS,ADVE_CANT
por,NAS,NAS,PREP
porque,NAS,NAS,CONX_SUBOR_CAUS,CONX_SUBOR_FINAL
postre,NAS,NAS,ADVE_LUG,ADVE_TEMP, @homografaverbo
presta,NAS,NAS,ADVE_TEMP, @homografaverbo
presto,NAS,NAS,ADVE_TEMP, @homografaverbo
priado,NAS,NAS,ADVE_TEMP
primer,M,S,NUME_ORDI_DET,NUME_ORDI_PRON,primero
primera,F,S,NUME_ORDI_DET,NUME_ORDI_PRON,primero
primera,NAS,NAS,ADVE_TEMP,primero
primeras,F,P,NUME_ORDI_DET,NUME_ORDI_PRON,primero
primero,M,S,NUME_ORDI_DET,NUME_ORDI_PRON,ADVE_TEMP
pronta,NAS,NAS,ADVE_TEMP,pronto
pronto,NAS,NAS,ADVE_TEMP
pues,NAS,NAS,ADVE_TEMP,CONX_SUBOR_CAUS,CONX_SUBOR_CONDI,CONX_SUBOR_CONSE,@CONX_SUBOR_CONTI
pássim,NAS,NAS,@LAT
que,A,S,CONX_COOR_COPU,CONX_COOR_DISX,CONX_SUBOR_CAUS,CONX_SUBOR_COMPAR,CONX_SUBOR_CONSE,CONX_SUBOR_FINAL,CONX_SUBOR_COMPLETIVA,EXCLA,RELA
qui,NAS,S,RELA
quien,NAS,S,INDEF,INDEF_PRON,RELA
quienes,NAS,P,INDEF,INDEF_PRON,RELA,quien
quienquier,NAS,S,INDEF_PRON,quienquiera
quienquiera,NAS,S,INDEF_PRON
quier,NAS,NAS,@CONX_COOR_DISTRIB,CONX_COOR_DISX
quince,A,A,&NOME,NUME_CARDI_DET,NUME_CARDI_PRON
quincuagésima,F,S,NUME_ORDI_DET,NUME_ORDI_PRON,quincuagésimo
quincuagésimas,F,P,NUME_ORDI_DET,NUME_ORDI_PRON,quincuagésimo
quincuagésimo,M,S,NUME_ORDI_DET,NUME_ORDI_PRON
quincuagésimos,M,P,NUME_ORDI_DET,NUME_ORDI_PRON,quincuagésimo
quinta,F,S,NUME_ORDI_DET,NUME_ORDI_PRON,quinto
quintas,F,P,NUME_ORDI_DET,NUME_ORDI_PRON,quinto
quinto,M,S,NUME_ORDI_DET,NUME_ORDI_PRON
quintos,M,P,NUME_ORDI_DET,NUME_ORDI_PRON,quinto
quizabes,NAS,NAS,ADVE_DUBI
quizá,NAS,NAS,ADVE_DUBI
quizás,NAS,NAS,ADVE_DUBI
quién,NAS,S,INTER,EXCLA
quiénes,NAS,P,INTER,EXCLA,quién
qué,NAS,NAS,INTER,EXCLA
recién,NAS,NAS,ADVE_TEMP
redro,NAS,NAS,ADVE_LUG
retro,NAS,NAS,@LAT
salvo,NAS,NAS,PREP, @homografaverbo
se,NAS,S,PRON_PERS_AT
segunda,F,S,NUME_ORDI_DET,NUME_ORDI_PRON,segundo
segundas,F,P,NUME_ORDI_DET,NUME_ORDI_PRON,segundo
segundo,M,S,NUME_ORDI_DET,NUME_ORDI_PRON
segundos,M,P,NUME_ORDI_DET,NUME_ORDI_PRON,segundo
según,NAS,NAS,PREP
seis,A,A,&NOME,NUME_CARDI_DET,NUME_CARDI_PRON
sela,F,S,CONTR_PRON_PERS_AT
selas,F,P,CONTR_PRON_PERS_AT
sele,AMBIGUO,S,CONTR_PRON_PERS_AT
seles,AMBIGUO,P,CONTR_PRON_PERS_AT
selo,M,S,CONTR_PRON_PERS_AT
selos,M,P,CONTR_PRON_PERS_AT
seme,AMBIGUO,S,CONTR_PRON_PERS_AT
semela,F,S,CONTR_PRON_PERS_AT
semelas,F,P,CONTR_PRON_PERS_AT
semele,AMBIGUO,S,CONTR_PRON_PERS_AT
semeles,AMBIGUO,P,CONTR_PRON_PERS_AT
semelo,M,S,CONTR_PRON_PERS_AT
semelos,M,P,CONTR_PRON_PERS_AT
sen,NAS,NAS,PREP
sendas,F,P,INDEF_DET,NOME
sendos,M,P,INDEF_DET
senos,AMBIGUO,P,CONTR_PRON_PERS_AT
seos,AMBIGUO,P,CONTR_PRON_PERS_AT
septuagésima,F,S,NUME_ORDI_DET,NUME_ORDI_PRON,septuagésimo
septuagésimas,F,P,NUME_ORDI_DET,NUME_ORDI_PRON,septuagésimo
septuagésimo,M,S,NUME_ORDI_DET,NUME_ORDI_PRON
septuagésimos,M,P,NUME_ORDI_DET,NUME_ORDI_PRON,septuagésimo
sesenta,A,A,&NOME,NUME_CARDI_DET,NUME_CARDI_PRON
sete,AMBIGUO,S,CONTR_PRON_PERS_AT
setela,F,S,CONTR_PRON_PERS_AT
setelas,F,P,CONTR_PRON_PERS_AT
setele,AMBIGUO,S,CONTR_PRON_PERS_AT
seteles,AMBIGUO,P,CONTR_PRON_PERS_AT
setelo,M,S,CONTR_PRON_PERS_AT
setelos,M,P,CONTR_PRON_PERS_AT
setenta,A,A,&NOME,NUME_CARDI_DET,NUME_CARDI_PRON
sexta,F,S,NUME_ORDI_DET,NUME_ORDI_PRON,sexto
sextas,F,P,NUME_ORDI_DET,NUME_ORDI_PRON,sexto
sexto,M,S,NUME_ORDI_DET,NUME_ORDI_PRON
sextos,M,P,NUME_ORDI_DET,NUME_ORDI_PRON,sexto
si,NAS,NAS,CONX_COOR_ADVERS,@CONX_COOR_DISTRIB,CONX_COOR_DISX,CONX_SUBOR_CONDI
sic,NAS,NAS,@LAT
siempre,NAS,NAS,ADVE_TEMP
siete,A,A,&NOME,NUME_CARDI_DET,NUME_CARDI_PRON
sin,NAS,NAS,PREP
sinistrórsum,NAS,NAS,ADVE_LUG
sino,NAS,NAS,CONX_COOR_ADVERS
siquiera,NAS,NAS,ADVE_CANT,CONX_COOR_ADVERS,@CONX_COOR_DISTRIB,CONX_COOR_DISX
so,NAS,S,POSE_PRON
sobrado,NAS,NAS,ADVE_CANT, @homografaverbo
sobre,NAS,NAS,PREP, @homografaverbo
su,A,S,POSE
sus,A,P,POSE,su
suso,NAS,NAS,ADVE_LUG
suya,F,S,POSE,suyo
suyas,F,P,POSE,suyo
suyo,F,S,POSE
suyos,F,P,POSE,suyo
séptima,F,S,NUME_ORDI_DET,NUME_ORDI_PRON,séptima
séptimas,F,P,NUME_ORDI_DET,NUME_ORDI_PRON,séptimo
séptimo,M,S,NUME_ORDI_DET,NUME_ORDI_PRON
séptimos,M,P,NUME_ORDI_DET,NUME_ORDI_PRON,séptimo
sí,NAS,NAS,ADVE_AFIRM,PRON_PERS_TON
sólo,NAS,NO_ASIGANDO,ADVE_CANT
tal,A,S,INDEF
tales,A,P,INDEF,tal, @homografaverbo
talque,M,S,INDEF_PRON
talques,M,P,INDEF_PRON,talque
talvez,NAS,NAS,ADVE_DUBI
también,NAS,NO_ASIGANDO,ADVE_AFIRM
tampoco,NAS,NAS,ADVE_NEGA
tan,NAS,NAS,ADVE_CANT
tantico,NAS,NAS,ADVE_CANT
tanto,NAS,NAS,ADVE_CANT
tarde,NAS,NAS,ADVE_TEMP, @homografaverbo
te,NAS,S,PRON_PERS_AT
tela,F,S,CONTR_PRON_PERS_AT,ADVE_CANT
telas,F,P,CONTR_PRON_PERS_AT
tele,AMBIGUO,S,CONTR_PRON_PERS_AT
teles,AMBIGUO,P,CONTR_PRON_PERS_AT
telo,M,S,CONTR_PRON_PERS_AT
telos,M,P,CONTR_PRON_PERS_AT
temprana,NAS,NAS,ADVE_TEMP
tempranito,NAS,NAS,ADVE_TEMP
temprano,NAS,NAS,ADVE_TEMP
tercer,M,S,NUME_ORDI_DET,NUME_ORDI_PRON,tercero
tercera,F,S,NUME_ORDI_DET,NUME_ORDI_PRON,tercero
terceras,F,P,NUME_ORDI_DET,NUME_ORDI_PRON,tercero
tercero,M,S,NUME_ORDI_DET,NUME_ORDI_PRON
#tercero,M,S,NUME_ORDI_DET,NUME_ORDI_PRON,tercero
terceros,M,P,NUME_ORDI_DET,NUME_ORDI_PRON,tercero
ti,NAS,S,PRON_PERS_TON,tú
toda,F,S,INDEF_DET,INDEF_PRON,todo
todas,F,P,INDEF_DET,INDEF_PRON,todo
todavía,NAS,NAS,ADVE_TEMP
todo,M,S,INDEF_DET,INDEF_PRON
todos,M,P,INDEF_DET,INDEF_PRON,todo
todía,NAS,NAS,ADVE_TEMP
tras,NAS,NAS,PREP
trasanteanoche,NAS,NAS,ADVE_TEMP
trasanteayer,NAS,NAS,ADVE_TEMP
trasantier,NAS,NAS,ADVE_TEMP
trasmañana,NAS,NAS,ADVE_TEMP, @homografaverbo
trece,A,A,&NOME,NUME_CARDI_DET,NUME_CARDI_PRON
treinta,A,A,&NOME,NUME_CARDI_DET,NUME_CARDI_PRON
tres,A,A,&NOME,NUME_CARDI_DET,NUME_CARDI_PRON
trigésima,F,S,NUME_ORDI_DET,NUME_ORDI_PRON,trigésimo
trigésimas,F,P,NUME_ORDI_DET,NUME_ORDI_PRON,trigésimo
trigésimo,M,S,NUME_ORDI_DET,NUME_ORDI_PRON
trigésimos,M,P,NUME_ORDI_DET,NUME_ORDI_PRON,trigésimo
trillones,A,P,&NOME,NUME_CARDI_DET,NUME_CARDI_PRON,trillón
trillón,A,A,&NOME,NUME_CARDI_DET,NUME_CARDI_PRON
tu,NAS,S,POSE
tus,NAS,P,POSE,tu
tuya,F,S,POSE,tuyo
tuyas,F,P,POSE,tuyo
tuyo,M,S,POSE
tuyos,M,P,POSE,tuyo
tú,NAS,S,PRON_PERS_TON
u,NAS,NAS,CONX_COOR_DISX
un,M,S,ART_INDET
una,F,S,ART_INDET,INDEF_PRON,un
#una,F,S,NUME_CARDI_DET, uno
unas,F,P,ART_INDET,INDEF_PRON,NUME_CARDI,un, @homografaverbo
#unas,F,P, NUME_CARDI_DET, uno
undécima,F,S,NUME_ORDI_DET,NUME_ORDI_PRON,undécimo
undécimas,F,P,NUME_ORDI_DET,NUME_ORDI_PRON,undécimo
undécimo,M,S,NUME_ORDI_DET,NUME_ORDI_PRON
undécimos,M,P,NUME_ORDI_DET,NUME_ORDI_PRON,undécimo
uno,M,S,INDEF_PRON,NUME_CARDI, uno, @homografaverbo
#uno,M,S, NUME_CARDI_DET, uno
unos,M,P,ART_INDET,INDEF_PRON,un 
usted,NAS,S,PRON_PERS_TON,usted
ustedes,NAS,P,PRON_PERS_TON,usted
ut,NAS,NAS,PREP
varias,F,P,&NOME,INDEF_DET,INDEF_PRON,varios
varios,M,P,&NOME,INDEF_DET,INDEF_PRON
veinte,A,A,&NOME,NUME_CARDI_DET,NUME_CARDI_PRON
veinticinco,A,A,&NOME,NUME_CARDI_DET,NUME_CARDI_PRON
veinticuatro,A,A,&NOME,NUME_CARDI_DET,NUME_CARDI_PRON
veintidós,A,A,&NOME,NUME_CARDI_DET,NUME_CARDI_PRON
veintinueve,A,A,&NOME,NUME_CARDI_DET,NUME_CARDI_PRON
veintiocho,A,A,&NOME,NUME_CARDI_DET,NUME_CARDI_PRON
veintisiete,A,A,&NOME,NUME_CARDI_DET,NUME_CARDI_PRON
veintiséis,A,A,&NOME,NUME_CARDI_DET,NUME_CARDI_PRON
veintitrés,A,A,&NOME,NUME_CARDI_DET,NUME_CARDI_PRON
veintiuno,A,A,&NOME,NUME_CARDI_DET,NUME_CARDI_PRON
vigésima,F,S,NUME_ORDI_DET,NUME_ORDI_PRON,vigésimo
vigésimas,F,P,NUME_ORDI_DET,NUME_ORDI_PRON,vigésimo
vigésimo,M,S,NUME_ORDI_DET,NUME_ORDI_PRON
vigésimos,M,P,NUME_ORDI_DET,NUME_ORDI_PRON,vigésimo
vos,NAS,NAS,PRON_PERS_TON,tú
vosco,NAS,NAS,PRON_PERS_TON,tú
vosotras,F,P,PRON_PERS_TON,tú
vosotros,M,P,PRON_PERS_TON,tú
vuesa,F,S,POSE,vueso
vuesas,F,P,POSE,vueso
vueso,M,S,POSE
vuesos,M,P,POSE,vueso
vuestra,F,S,POSE,vuestro
vuestras,F,P,POSE,vuestro
vuestro,M,S,POSE
vuestros,M,P,POSE,vuestro
vusco,NAS,NAS,PRON_PERS_TON
y,NAS,NAS,CONX_COOR_COPU
ya,NAS,NAS,ADVE_TEMP,@CONX_COOR_DISTRIB,CONX_COOR_DISX
yo,NAS,S,PRON_PERS_TON
yuso,NAS,NAS,ADVE_LUG
zaga,NAS,NAS,ADVE_LUG
ál,M,S,INDEF_PRON
él,M,S,PRON_PERS_TON
ésa,F,S,DEMO_PRON,ese
ésas,F,P,DEMO_PRON,ese
ése,M,S,DEMO_PRON
ésos,M,P,DEMO_PRON,ese
ésta,F,S,DEMO_PRON,este
éstas,F,P,DEMO_PRON,este
éste,M,S,DEMO_PRON
éstos,M,P,DEMO_PRON,este
ídem,NAS,NAS,PRON
ínter,NAS,NAS,ADVE_TEMP
ínterin,NAS,NAS,ADVE_TEMP

